{
  "budget_quality": {
    "5": {
      "rm": 0.9820148226814025,
      "rs": 0.02835062655411028,
      "em": 8.770833333333334,
      "es_": 0.9840304732182952
    },
    "10": {
      "rm": 0.9908642735757652,
      "rs": 0.01833875866316895,
      "em": 11.041666666666666,
      "es_": 3.5879330942603835
    },
    "15": {
      "rm": 0.979841214032969,
      "rs": 0.03332576579815454,
      "em": 14.75,
      "es_": 5.440971114301809
    },
    "20": {
      "rm": 0.9795381776780823,
      "rs": 0.030557532728867774,
      "em": 18.8125,
      "es_": 6.8758522199069985
    },
    "25": {
      "rm": 0.9850456412151921,
      "rs": 0.02349625034318318,
      "em": 22.520833333333332,
      "es_": 8.734485253229803
    },
    "30": {
      "rm": 0.9863363474803335,
      "rs": 0.026306342471536463,
      "em": 26.625,
      "es_": 10.221759877829257
    },
    "40": {
      "rm": 0.9864976887957068,
      "rs": 0.02644247259891154,
      "em": 34.479166666666664,
      "es_": 13.51848978148899
    },
    "50": {
      "rm": 0.9917803999424065,
      "rs": 0.020517654450859596,
      "em": 42.25,
      "es_": 16.836839568834367
    },
    "60": {
      "rm": 0.9939083820662767,
      "rs": 0.01969468218689066,
      "em": 50.020833333333336,
      "es_": 20.11994199723802
    },
    "80": {
      "rm": 0.9958047292143402,
      "rs": 0.013961102378125966,
      "em": 65.64583333333333,
      "es_": 26.813001808306026
    },
    "100": {
      "rm": 0.9965886939571149,
      "rs": 0.013216424583158505,
      "em": 81.16666666666667,
      "es_": 33.416770573404534
    }
  },
  "calibration_stress": {
    "0.25": {
      "rm": 0.9774934556542906,
      "rs": 0.02965513184688784,
      "em": 17.0,
      "es_": 0.0
    },
    "0.5": {
      "rm": 0.9780559175634114,
      "rs": 0.02855509922924863,
      "em": 17.0,
      "es_": 0.0
    },
    "1.0": {
      "rm": 0.9868170784808452,
      "rs": 0.0290507547950853,
      "em": 26.625,
      "es_": 10.221759877829257
    },
    "2.0": {
      "rm": 0.9990942028985508,
      "rs": 0.006209832065580652,
      "em": 66.0,
      "es_": 0.0
    },
    "4.0": {
      "rm": 0.9946429306653491,
      "rs": 0.01684300104060837,
      "em": 66.0,
      "es_": 0.0
    }
  },
  "optimizer_sensitivity": {
    "Nelder-Mead": {
      "rm": 0.9905358870096017,
      "rs": 0.026613073661289566,
      "em": 26.625,
      "es_": 10.221759877829257,
      "tm": 119.10961071650188,
      "ts": 45.200023763284015
    },
    "COBYLA": {
      "rm": 1.0,
      "rs": 0.0,
      "em": 26.625,
      "es_": 10.221759877829257,
      "tm": 131.16381565729776,
      "ts": 53.64188297672469
    },
    "Powell": {
      "rm": 0.9974494660564455,
      "rs": 0.010247674861575884,
      "em": 26.625,
      "es_": 10.221759877829257,
      "tm": 119.53346927960713,
      "ts": 46.08378831445034
    },
    "Rnd-Nelder-Mead": {
      "rm": 0.9987702546296297,
      "rs": 0.00590828920145624,
      "em": 240.0,
      "es_": 0.0
    },
    "Rnd-COBYLA": {
      "rm": 1.0,
      "rs": 0.0,
      "em": 239.8125,
      "es_": 0.7261843774138906
    },
    "Rnd-Powell": {
      "rm": 0.9976660401002505,
      "rs": 0.012729547196777111,
      "em": 240.0,
      "es_": 0.0
    }
  }
}