threads,n,t_eval_ms
1,14,25.808417001826456
2,14,25.424874998861924
4,14,25.86591699946439
8,14,25.769291001779493
