threads,n,queries,total_ms,speedup
1,14,144,126.15,1
2,14,144,71.0965,1.77435
4,14,144,38.8226,3.24939
8,14,144,29.3279,4.30137
