variant,mean_ratio,ci95,delta_vs_full
OST-QAOA (full),0.8201680053647957,0.018682511051004384,0.0
diagonal directions,0.8098176445003942,0.02111234832790689,-0.01035036086440147
commutator off,0.8169517904431587,0.02202578307268033,-0.0032162149216369493
TQA + coordinate,0.7079143733953193,0.037698208595190144,-0.11225363196947649
