family,n_instances,ost_mean,tqa_coord_mean,delta,wins,losses,sign_test_p
er,4,0.7893084876878124,0.6754427535020117,0.11386573418580079,4,0,0.125
random_regular,4,0.8528351572200862,0.8182799239439986,0.03455523327608756,4,0,0.125
watts_strogatz,4,0.8157891146794768,0.7050541127142087,0.11073500196526812,4,0,0.125
barabasi_albert,4,0.8227392618718075,0.632880703421058,0.18985855845074953,4,0,0.125
