method,mean_ratio,ci95,delta_vs_baseline,delta_lo,delta_hi,wins,losses,sign_test_p,mean_q_to_target
Random,0.7425630433946184,0.027946370446491335,0.03464866999929927,0.0007633285176211472,0.070040129130113,11,5,0.210113525390625,24.125
TQA,0.6144992473996067,0.02982987502582523,-0.09341512599571251,-0.1558149981593604,-0.040013088747116274,0,16,3.0517578125e-05,25.0
TQA+coordinate,0.7079143733953193,0.037698208595190186,0.0,0.0,0.0,0,0,1.0,25.0
kNN+coordinate,0.7399187841536081,0.04220495104512148,0.032004410758288894,0.012064852774493554,0.055685793917945,13,3,0.021270751953125,23.625
OST diagonal,0.806496851129384,0.020412752077565623,0.09858247773406477,0.06672731363770075,0.13022808526154359,15,1,0.000518798828125,14.4375
OST-QAOA,0.8182765122696098,0.018353570433897726,0.11036213887429061,0.08002519449449165,0.14090280469448704,16,0,3.0517578125e-05,11.5625
