method,p,dim,n,graph_family,num_instances,query_budget_Q,mean_ratio,std_ratio,stderr_ratio,ci95_low,ci95_high,backend,threads,elapsed_total_s,uq_full_mean_ratio,delta_vs_uq_full
tqa_refine,3,6,8,er,1,5,0.6479374316982034,0,0.0,0.6479374316982034,0.6479374316982034,python_statevector,1,,0.6393367988425971,0.008600632855606305
uq_qaoa_full,3,6,8,er,1,5,0.6393367988425971,0,0.0,0.6393367988425971,0.6393367988425971,python_statevector,1,,0.6393367988425971,0.0
uq_no_covariance,3,6,8,er,1,5,0.6393367988425971,0,0.0,0.6393367988425971,0.6393367988425971,python_statevector,1,,0.6393367988425971,0.0
uq_shuffled_covariance,3,6,8,er,1,5,0.6393367988425971,0,0.0,0.6393367988425971,0.6393367988425971,python_statevector,1,,0.6393367988425971,0.0
uq_no_tqa_prior,3,6,8,er,1,5,0.6393367988425971,0,0.0,0.6393367988425971,0.6393367988425971,python_statevector,1,,0.6393367988425971,0.0
uq_no_knn_prior,3,6,8,er,1,5,0.6378514280714244,0,0.0,0.6378514280714244,0.6378514280714244,python_statevector,1,,0.6393367988425971,-0.0014853707711727226
uq_no_global_prior,3,6,8,er,1,5,0.6393367988425971,0,0.0,0.6393367988425971,0.6393367988425971,python_statevector,1,,0.6393367988425971,0.0
uq_no_refinement,3,6,8,er,1,5,0.6393367988425971,0,0.0,0.6393367988425971,0.6393367988425971,python_statevector,1,,0.6393367988425971,0.0
