variant,mean_ratio,ci95,delta_vs_full
OST-QAOA (full),0.8182765122696098,0.018353570433897726,0.0
diagonal directions,0.806496851129384,0.020412752077565623,-0.011779661140225849
commutator off,0.8174905110421333,0.022553525383650182,-0.0007860012274764488
TQA + coordinate,0.7079143733953193,0.037698208595190186,-0.11036213887429061
