family,n_instances,ost_mean,tqa_coord_mean,delta,wins,losses,sign_test_p
er,4,0.7892971996564662,0.6754427535020116,0.1138544461544545,4,0,0.125
random_regular,4,0.8474215576742355,0.8182799239439988,0.029141633730236732,4,0,0.125
watts_strogatz,4,0.8141465180163457,0.7050541127142087,0.10909240530213704,4,0,0.125
barabasi_albert,4,0.822240773731392,0.632880703421058,0.1893600703103342,4,0,0.125
