method,mean_ratio,ci95,delta_vs_baseline,delta_lo,delta_hi,wins,losses,sign_test_p,mean_q_to_target
Random,0.7425630433946184,0.027946370446491342,0.034648669999299296,0.0007633285176212719,0.070040129130113,11,5,0.210113525390625,24.125
TQA,0.6144992473996067,0.029829875025825233,-0.09341512599571247,-0.15581499815936029,-0.040013088747116274,0,16,3.0517578125e-05,25.0
TQA+coordinate,0.7079143733953193,0.037698208595190144,0.0,0.0,0.0,0,0,1.0,25.0
kNN+coordinate,0.7505794782213941,0.04026396575780962,0.04266510482607498,0.019000308331015518,0.06780205414057651,13,3,0.021270751953125,23.5625
OST diagonal,0.8098176445003942,0.02111234832790689,0.10190327110507502,0.07320928763241392,0.13137187951335602,16,0,3.0517578125e-05,13.0625
OST-QAOA,0.8201680053647957,0.018682511051004384,0.11225363196947649,0.08316926806451298,0.14181590538447433,16,0,3.0517578125e-05,10.125
