p,shots,method,noisy_selected_objective,standard_error,exact_reevaluated_objective,misranking_rate
3,256,tqa,8.45703125,0.11080748517442378,8.292068564928517,
3,512,tqa,8.388671875,0.0768618356406536,8.292068564928517,
3,1024,tqa,8.3330078125,0.056511795880335364,8.292068564928517,
3,4096,tqa,8.27587890625,0.02834087468733196,8.292068564928517,
3,8192,tqa,8.2862548828125,0.020122375309139285,8.292068564928517,
