method,p,dim,n,graph_family,num_instances,query_budget_Q,mean_ratio,std_ratio,stderr_ratio,ci95_low,ci95_high,backend,threads,elapsed_total_s
random_search,7,14,8,er,1,5,0.6346245486690928,0,0.0,0.6346245486690928,0.6346245486690928,python_statevector,1,
tqa,7,14,8,er,1,5,0.611700435672481,0,0.0,0.611700435672481,0.611700435672481,python_statevector,1,
tqa_refine,7,14,8,er,1,5,0.6237501235157817,0,0.0,0.6237501235157817,0.6237501235157817,python_statevector,1,
posterior_anchors_only,7,14,8,er,1,5,0.619904515149451,0,0.0,0.619904515149451,0.619904515149451,python_statevector,1,
uq_qaoa_full,7,14,8,er,1,5,0.619904515149451,0,0.0,0.619904515149451,0.619904515149451,python_statevector,1,
uq_no_covariance,7,14,8,er,1,5,0.619904515149451,0,0.0,0.619904515149451,0.619904515149451,python_statevector,1,
uq_no_refinement,7,14,8,er,1,5,0.619904515149451,0,0.0,0.619904515149451,0.619904515149451,python_statevector,1,
uq_no_tqa_prior,7,14,8,er,1,5,0.6256790620570238,0,0.0,0.6256790620570238,0.6256790620570238,python_statevector,1,
uq_no_knn_prior,7,14,8,er,1,5,0.6256790620570238,0,0.0,0.6256790620570238,0.6256790620570238,python_statevector,1,
